Row Type,Campaign,Ad Group,Keyword,Match Type,Max CPC,Campaign Daily Budget,Campaign Status,Ad Group Status,Keyword Status,Headline 1,Headline 2,Headline 3,Description 1,Description 2,Final URL,Campaign Type,Network,Language,Location
Campaign,Rosalia - Newark Apartments,,,,,"50.00",Active,,,,,,,,,Search Network Only,Google search,en,New Jersey
Ad Group,Rosalia - Newark Apartments,Luxury Apartments Newark,,,,,,Active,Active,,,,,,,,,,
Keyword,Rosalia - Newark Apartments,Luxury Apartments Newark,luxury apartments newark nj,Broad,"2.50",,,,Active,,,,,,,,,,
Keyword,Rosalia - Newark Apartments,Luxury Apartments Newark,newark nj apartments for rent,Broad,"2.50",,,,Active,,,,,,,,,,
Keyword,Rosalia - Newark Apartments,Luxury Apartments Newark,apartments in newark new jersey,Broad,"2.00",,,,Active,,,,,,,,,,
Keyword,Rosalia - Newark Apartments,Luxury Apartments Newark,luxury rentals newark,Phrase,"2.50",,,,Active,,,,,,,,,,
Keyword,Rosalia - Newark Apartments,Luxury Apartments Newark,1 bedroom apartment newark nj,Broad,"2.00",,,,Active,,,,,,,,,,
Responsive Search Ad,Rosalia - Newark Apartments,Luxury Apartments Newark,,,,,,,,Luxury Apartments Newark NJ,Tour Iron 65 Today,Studios & 1BR From $2400,Schedule your private tour at Iron 65. Modern finishes & skyline views in downtown Newark.,Now leasing — flexible move-in dates. Book a tour online in 60 seconds.,https://book.rosaliagroup.com,,,,
Ad Group,Rosalia - Newark Apartments,Affordable Newark Rentals,,,,,,Active,Active,,,,,,,,,,
Keyword,Rosalia - Newark Apartments,Affordable Newark Rentals,affordable apartments newark nj,Broad,"1.75",,,,Active,,,,,,,,,,
Keyword,Rosalia - Newark Apartments,Affordable Newark Rentals,cheap apartments in newark,Broad,"1.50",,,,Active,,,,,,,,,,
Keyword,Rosalia - Newark Apartments,Affordable Newark Rentals,newark nj apartments under 2500,Phrase,"2.00",,,,Active,,,,,,,,,,
Keyword,Rosalia - Newark Apartments,Affordable Newark Rentals,budget apartments newark new jersey,Broad,"1.75",,,,Active,,,,,,,,,,
Responsive Search Ad,Rosalia - Newark Apartments,Affordable Newark Rentals,,,,,,,,Newark Apartments From $2400,Schedule a Free Tour,Modern Living in Downtown,Stylish apartments starting at $2400/mo. Walk to Newark Penn Station. Schedule your private tour today.,Rosalia Group — luxury living without the luxury price tag. Book a tour now.,https://book.rosaliagroup.com,,,,
Ad Group,Rosalia - Newark Apartments,Iron 65 Brand,,,,,,Active,Active,,,,,,,,,,
Keyword,Rosalia - Newark Apartments,Iron 65 Brand,iron 65 newark,Exact,"3.00",,,,Active,,,,,,,,,,
Keyword,Rosalia - Newark Apartments,Iron 65 Brand,65 mcwhorter st newark,Exact,"2.50",,,,Active,,,,,,,,,,
Keyword,Rosalia - Newark Apartments,Iron 65 Brand,iron 65 apartments,Phrase,"3.00",,,,Active,,,,,,,,,,
Responsive Search Ad,Rosalia - Newark Apartments,Iron 65 Brand,,,,,,,,Iron 65 — Newark NJ,Book Your Private Tour,Studios & 1BR Available,Tour Iron 65 at 65 McWhorter St. Luxury finishes & rooftop views in the heart of Newark.,Limited availability — schedule your private showing online today. Move in as soon as next month.,https://book.rosaliagroup.com,,,,
Campaign,Rosalia - Market St Properties,,,,,"40.00",Active,,,,,,,,,Search Network Only,Google search,en,New Jersey
Ad Group,Rosalia - Market St Properties,Market St Apartments,,,,,,Active,Active,,,,,,,,,,
Keyword,Rosalia - Market St Properties,Market St Apartments,market street apartments newark,Broad,"2.00",,,,Active,,,,,,,,,,
Keyword,Rosalia - Market St Properties,Market St Apartments,556 market st newark,Exact,"2.50",,,,Active,,,,,,,,,,
Keyword,Rosalia - Market St Properties,Market St Apartments,486 market st newark,Exact,"2.50",,,,Active,,,,,,,,,,
Keyword,Rosalia - Market St Properties,Market St Apartments,apartments near newark penn station,Broad,"2.00",,,,Active,,,,,,,,,,
Responsive Search Ad,Rosalia - Market St Properties,Market St Apartments,,,,,,,,Market St Apartments Newark,Tour Available Today,1BR & 2BR From $2200,Tour our Market St properties — steps from Newark Penn Station. Modern apartments with flexible lease terms.,Rosalia Group — schedule your private tour online. Confirm in 60 seconds.,https://book.rosaliagroup.com,,,,
Campaign,ME - R22 Refrigerant Replacement NJ,,,,,"5.00",Active,,,,,,,,,Search Network Only,Google search,en,New Jersey
Ad Group,ME - R22 Refrigerant Replacement NJ,R22 Refrigerant Replacement,,,,,,Active,Active,,,,,,,,,,
Keyword,ME - R22 Refrigerant Replacement NJ,R22 Refrigerant Replacement,r22 refrigerant replacement nj,Broad,"2.50",,,,Active,,,,,,,,,,
Keyword,ME - R22 Refrigerant Replacement NJ,R22 Refrigerant Replacement,r22 ac unit replacement,Broad,"2.50",,,,Active,,,,,,,,,,
Keyword,ME - R22 Refrigerant Replacement NJ,R22 Refrigerant Replacement,replace r22 system nj,Broad,"2.50",,,,Active,,,,,,,,,,
Responsive Search Ad,ME - R22 Refrigerant Replacement NJ,R22 Refrigerant Replacement,,,,,,,,R22 System? Time to Replace,Up to $20K in NJ Rebates,Free Assessment Today,Your R22 AC system cannot be recharged — R22 is banned. Replace now and get up to $20K in rebates.,Licensed NJ contractor. Free assessment. We handle all PSE&G rebate paperwork. Call (862) 423-9396.,https://mechanicalenterprise.com/rebate-calculator,,,,
Campaign,ME - R22 Freon Replacement NJ,,,,,"5.00",Active,,,,,,,,,Search Network Only,Google search,en,New Jersey
Ad Group,ME - R22 Freon Replacement NJ,R22 Freon Replacement,,,,,,Active,Active,,,,,,,,,,
Keyword,ME - R22 Freon Replacement NJ,R22 Freon Replacement,r22 freon replacement,Broad,"2.50",,,,Active,,,,,,,,,,
Keyword,ME - R22 Freon Replacement NJ,R22 Freon Replacement,freon replacement ac unit nj,Broad,"2.50",,,,Active,,,,,,,,,,
Keyword,ME - R22 Freon Replacement NJ,R22 Freon Replacement,old freon ac unit replacement,Broad,"2.50",,,,Active,,,,,,,,,,
Responsive Search Ad,ME - R22 Freon Replacement NJ,R22 Freon Replacement,,,,,,,,Old Freon AC? Replace It Now,PSE&G Pays Up to $18K,Free NJ Assessment,R22 freon is banned. Stop paying for repairs on a dead system. Replace and get up to $20K back.,Free assessment. We handle PSE&G rebate paperwork. WMBE certified. Call (862) 423-9396.,https://mechanicalenterprise.com/rebate-calculator,,,,
Campaign,ME - R22 AC Repair vs Replace NJ,,,,,"5.00",Active,,,,,,,,,Search Network Only,Google search,en,New Jersey
Ad Group,ME - R22 AC Repair vs Replace NJ,R22 Repair vs Replace,,,,,,Active,Active,,,,,,,,,,
Keyword,ME - R22 AC Repair vs Replace NJ,R22 Repair vs Replace,r22 ac repair cost,Broad,"2.50",,,,Active,,,,,,,,,,
Keyword,ME - R22 AC Repair vs Replace NJ,R22 Repair vs Replace,should i replace r22 ac,Broad,"2.50",,,,Active,,,,,,,,,,
Keyword,ME - R22 AC Repair vs Replace NJ,R22 Repair vs Replace,r22 repair not worth it,Broad,"2.50",,,,Active,,,,,,,,,,
Responsive Search Ad,ME - R22 AC Repair vs Replace NJ,R22 Repair vs Replace,,,,,,,,R22 Repair Not Worth It,Replace and Get $20K Back,Free NJ Assessment,Repairing an R22 system costs more every year. Replace now and get up to $20K in NJ rebates.,Free assessment. Licensed NJ contractor. We handle all paperwork. Call (862) 423-9396.,https://mechanicalenterprise.com/rebate-calculator,,,,
Campaign,ME - R22 Phase Out NJ,,,,,"5.00",Active,,,,,,,,,Search Network Only,Google search,en,New Jersey
Ad Group,ME - R22 Phase Out NJ,R22 Phase Out,,,,,,Active,Active,,,,,,,,,,
Keyword,ME - R22 Phase Out NJ,R22 Phase Out,r22 phase out replacement,Broad,"2.50",,,,Active,,,,,,,,,,
Keyword,ME - R22 Phase Out NJ,R22 Phase Out,r22 discontinued ac,Broad,"2.50",,,,Active,,,,,,,,,,
Keyword,ME - R22 Phase Out NJ,R22 Phase Out,r22 banned what to do,Broad,"2.50",,,,Active,,,,,,,,,,
Responsive Search Ad,ME - R22 Phase Out NJ,R22 Phase Out,,,,,,,,R22 Is Banned — Act Now,Up to $20K NJ Rebates,Replace Your Old AC,R22 refrigerant was banned in 2020. Your old AC system qualifies for up to $20K in NJ rebates now.,Free assessment. We handle PSE&G paperwork. Licensed NJ contractor. Call (862) 423-9396.,https://mechanicalenterprise.com/rebate-calculator,,,,
Campaign,ME - R22 System Cost NJ,,,,,"5.00",Active,,,,,,,,,Search Network Only,Google search,en,New Jersey
Ad Group,ME - R22 System Cost NJ,R22 System Cost,,,,,,Active,Active,,,,,,,,,,
Keyword,ME - R22 System Cost NJ,R22 System Cost,r22 system replacement cost nj,Broad,"2.50",,,,Active,,,,,,,,,,
Keyword,ME - R22 System Cost NJ,R22 System Cost,how much to replace r22 ac,Broad,"2.50",,,,Active,,,,,,,,,,
Keyword,ME - R22 System Cost NJ,R22 System Cost,r22 replacement cost new jersey,Broad,"2.50",,,,Active,,,,,,,,,,
Responsive Search Ad,ME - R22 System Cost NJ,R22 System Cost,,,,,,,,R22 Replacement Cost NJ,PSE&G Covers Up to $18K,Free Quote No Obligation,R22 system replacement costs $8K-$15K. PSE&G rebates cover up to $18K. You may pay nothing.,Free assessment and quote. We handle all rebate paperwork. Call (862) 423-9396.,https://mechanicalenterprise.com/rebate-calculator,,,,
Campaign,ME - R22 Emergency NJ,,,,,"6.00",Active,,,,,,,,,Search Network Only,Google search,en,New Jersey
Ad Group,ME - R22 Emergency NJ,R22 Emergency,,,,,,Active,Active,,,,,,,,,,
Keyword,ME - R22 Emergency NJ,R22 Emergency,r22 ac not working nj,Broad,"2.50",,,,Active,,,,,,,,,,
Keyword,ME - R22 Emergency NJ,R22 Emergency,r22 system broke down,Broad,"2.50",,,,Active,,,,,,,,,,
Keyword,ME - R22 Emergency NJ,R22 Emergency,r22 ac failed summer,Broad,"2.50",,,,Active,,,,,,,,,,
Responsive Search Ad,ME - R22 Emergency NJ,R22 Emergency,,,,,,,,R22 System Failed?,Same-Day Replacement NJ,Get $20K Back in Rebates,R22 AC broke down? Cannot be repaired cheaply. Replace now and get up to $20K in NJ rebates.,Same-day assessment available. Licensed NJ contractor. Call (862) 423-9396 now.,https://mechanicalenterprise.com/rebate-calculator,,,,
Campaign,ME - Old AC Unit Replacement NJ,,,,,"5.00",Active,,,,,,,,,Search Network Only,Google search,en,New Jersey
Ad Group,ME - Old AC Unit Replacement NJ,Old AC Replacement,,,,,,Active,Active,,,,,,,,,,
Keyword,ME - Old AC Unit Replacement NJ,Old AC Replacement,old ac unit replacement nj,Broad,"2.50",,,,Active,,,,,,,,,,
Keyword,ME - Old AC Unit Replacement NJ,Old AC Replacement,replace 15 year old ac,Broad,"2.50",,,,Active,,,,,,,,,,
Keyword,ME - Old AC Unit Replacement NJ,Old AC Replacement,old hvac system replacement nj,Broad,"2.50",,,,Active,,,,,,,,,,
Responsive Search Ad,ME - Old AC Unit Replacement NJ,Old AC Replacement,,,,,,,,Old AC System? Replace It,Up to $20K NJ Rebates,Free Assessment Today,AC systems over 10 years old qualify for up to $20K in NJ rebates. Replace before summer.,Free assessment. We handle PSE&G rebate paperwork. Licensed NJ contractor. Call (862) 423-9396.,https://mechanicalenterprise.com/rebate-calculator,,,,
Campaign,ME - AC Unit 10 Years Old NJ,,,,,"5.00",Active,,,,,,,,,Search Network Only,Google search,en,New Jersey
Ad Group,ME - AC Unit 10 Years Old NJ,AC 10 Years Old,,,,,,Active,Active,,,,,,,,,,
Keyword,ME - AC Unit 10 Years Old NJ,AC 10 Years Old,ac unit 10 years old replace,Broad,"2.50",,,,Active,,,,,,,,,,
Keyword,ME - AC Unit 10 Years Old NJ,AC 10 Years Old,10 year old air conditioner replace,Broad,"2.50",,,,Active,,,,,,,,,,
Keyword,ME - AC Unit 10 Years Old NJ,AC 10 Years Old,ac replacement age nj,Broad,"2.50",,,,Active,,,,,,,,,,
Responsive Search Ad,ME - AC Unit 10 Years Old NJ,AC 10 Years Old,,,,,,,,10+ Year Old AC? Replace Now,PSE&G Covers Up to $18K,Free NJ Home Assessment,If your AC is 10+ years old you qualify for major NJ rebates. Most homeowners get $12K-$20K back.,Free assessment. We handle all paperwork. WMBE certified NJ contractor. Call (862) 423-9396.,https://mechanicalenterprise.com/rebate-calculator,,,,
Campaign,ME - Inefficient AC Replacement NJ,,,,,"5.00",Active,,,,,,,,,Search Network Only,Google search,en,New Jersey
Ad Group,ME - Inefficient AC Replacement NJ,Inefficient AC Replacement,,,,,,Active,Active,,,,,,,,,,
Keyword,ME - Inefficient AC Replacement NJ,Inefficient AC Replacement,inefficient ac unit replacement nj,Broad,"2.50",,,,Active,,,,,,,,,,
Keyword,ME - Inefficient AC Replacement NJ,Inefficient AC Replacement,high electric bill ac replacement,Broad,"2.50",,,,Active,,,,,,,,,,
Keyword,ME - Inefficient AC Replacement NJ,Inefficient AC Replacement,old inefficient hvac nj,Broad,"2.50",,,,Active,,,,,,,,,,
Responsive Search Ad,ME - Inefficient AC Replacement NJ,Inefficient AC Replacement,,,,,,,,High AC Bills? Replace It,Cut Bills and Get $20K Back,Free NJ Assessment,Old inefficient AC costs $200+ more per month. Replace and get up to $20K in NJ rebates now.,Free assessment. We handle PSE&G paperwork. WMBE certified. Call (862) 423-9396.,https://mechanicalenterprise.com/rebate-calculator,,,,
Campaign,ME - Central AC Replacement NJ,,,,,"5.00",Active,,,,,,,,,Search Network Only,Google search,en,New Jersey
Ad Group,ME - Central AC Replacement NJ,Central AC Replacement,,,,,,Active,Active,,,,,,,,,,
Keyword,ME - Central AC Replacement NJ,Central AC Replacement,central ac replacement nj,Broad,"2.50",,,,Active,,,,,,,,,,
Keyword,ME - Central AC Replacement NJ,Central AC Replacement,replace central air conditioning nj,Broad,"2.50",,,,Active,,,,,,,,,,
Keyword,ME - Central AC Replacement NJ,Central AC Replacement,new central ac nj,Broad,"2.50",,,,Active,,,,,,,,,,
Responsive Search Ad,ME - Central AC Replacement NJ,Central AC Replacement,,,,,,,,Central AC Replacement NJ,Up to $20K in Rebates,Free Assessment No Obligation,Replace your central AC and get up to $20K in combined NJ rebates. Free assessment and quote.,Licensed NJ contractor. We handle all PSE&G paperwork. WMBE certified. Call (862) 423-9396.,https://mechanicalenterprise.com/rebate-calculator,,,,
Campaign,ME - HVAC System Too Old NJ,,,,,"5.00",Active,,,,,,,,,Search Network Only,Google search,en,New Jersey
Ad Group,ME - HVAC System Too Old NJ,HVAC Too Old,,,,,,Active,Active,,,,,,,,,,
Keyword,ME - HVAC System Too Old NJ,HVAC Too Old,hvac system too old replace,Broad,"2.50",,,,Active,,,,,,,,,,
Keyword,ME - HVAC System Too Old NJ,HVAC Too Old,how old is too old for hvac,Broad,"2.50",,,,Active,,,,,,,,,,
Keyword,ME - HVAC System Too Old NJ,HVAC Too Old,when to replace hvac nj,Broad,"2.50",,,,Active,,,,,,,,,,
Responsive Search Ad,ME - HVAC System Too Old NJ,HVAC Too Old,,,,,,,,When to Replace Your HVAC,NJ Rebates Up to $20K,Find Out in 20 Minutes Free,Most HVAC systems over 10 years qualify for major NJ rebates. Free 20-min assessment tells you exactly.,We handle all PSE&G rebate paperwork at no cost. Licensed NJ contractor. Call (862) 423-9396.,https://mechanicalenterprise.com/rebate-calculator,,,,
Campaign,ME - Oil to Heat Pump NJ,,,,,"5.00",Active,,,,,,,,,Search Network Only,Google search,en,New Jersey
Ad Group,ME - Oil to Heat Pump NJ,Oil to Heat Pump,,,,,,Active,Active,,,,,,,,,,
Keyword,ME - Oil to Heat Pump NJ,Oil to Heat Pump,oil to heat pump conversion nj,Broad,"2.50",,,,Active,,,,,,,,,,
Keyword,ME - Oil to Heat Pump NJ,Oil to Heat Pump,replace oil furnace with heat pump,Broad,"2.50",,,,Active,,,,,,,,,,
Keyword,ME - Oil to Heat Pump NJ,Oil to Heat Pump,oil heating replacement nj,Broad,"2.50",,,,Active,,,,,,,,,,
Responsive Search Ad,ME - Oil to Heat Pump NJ,Oil to Heat Pump,,,,,,,,Replace Oil Heat with Heat Pump,Get Up to $20K in Rebates,Free NJ Assessment Today,Switch from oil to a heat pump and get up to $20K in combined NJ rebates. Cut heating bills by 60%.,Free assessment. We handle PSE&G paperwork. Licensed NJ contractor. Call (862) 423-9396.,https://mechanicalenterprise.com/rebate-calculator,,,,
Campaign,ME - PSE&G Rebate Contractor NJ,,,,,"6.00",Active,,,,,,,,,Search Network Only,Google search,en,New Jersey
Ad Group,ME - PSE&G Rebate Contractor NJ,PSE&G Rebate Contractor,,,,,,Active,Active,,,,,,,,,,
Keyword,ME - PSE&G Rebate Contractor NJ,PSE&G Rebate Contractor,pseg rebate contractor nj,Broad,"2.50",,,,Active,,,,,,,,,,
Keyword,ME - PSE&G Rebate Contractor NJ,PSE&G Rebate Contractor,pseg certified hvac contractor,Broad,"2.50",,,,Active,,,,,,,,,,
Keyword,ME - PSE&G Rebate Contractor NJ,PSE&G Rebate Contractor,pseg approved contractor essex county,Broad,"2.50",,,,Active,,,,,,,,,,
Responsive Search Ad,ME - PSE&G Rebate Contractor NJ,PSE&G Rebate Contractor,,,,,,,,PSE&G Certified Contractor NJ,We File Your Rebate For You,Up to $20K Combined Rebates,We are a PSE&G certified NJ contractor. We handle your entire rebate application at no extra cost.,Free assessment. Up to $20K in combined rebates. WMBE certified. Call (862) 423-9396.,https://mechanicalenterprise.com/pseg-rebate-contractor-nj,,,,
Campaign,ME - PSE&G Clean Heat NJ,,,,,"6.00",Active,,,,,,,,,Search Network Only,Google search,en,New Jersey
Ad Group,ME - PSE&G Clean Heat NJ,PSE&G Clean Heat,,,,,,Active,Active,,,,,,,,,,
Keyword,ME - PSE&G Clean Heat NJ,PSE&G Clean Heat,pseg clean heat program nj,Broad,"2.50",,,,Active,,,,,,,,,,
Keyword,ME - PSE&G Clean Heat NJ,PSE&G Clean Heat,pseg clean heat rebate,Broad,"2.50",,,,Active,,,,,,,,,,
Keyword,ME - PSE&G Clean Heat NJ,PSE&G Clean Heat,nj clean heat program,Broad,"2.50",,,,Active,,,,,,,,,,
Responsive Search Ad,ME - PSE&G Clean Heat NJ,PSE&G Clean Heat,,,,,,,,PSE&G Clean Heat Rebates NJ,Up to $18K Back on Heat Pump,We Handle All Paperwork Free,PSE&G Clean Heat Program pays up to $18K for heat pump installation. We file everything for you.,Free assessment. Licensed NJ contractor. WMBE certified. Call (862) 423-9396.,https://mechanicalenterprise.com/pseg-rebate-contractor-nj,,,,
Campaign,ME - NJ Clean Energy Rebate HVAC,,,,,"5.00",Active,,,,,,,,,Search Network Only,Google search,en,New Jersey
Ad Group,ME - NJ Clean Energy Rebate HVAC,NJ Clean Energy HVAC,,,,,,Active,Active,,,,,,,,,,
Keyword,ME - NJ Clean Energy Rebate HVAC,NJ Clean Energy HVAC,nj clean energy rebate hvac,Broad,"2.50",,,,Active,,,,,,,,,,
Keyword,ME - NJ Clean Energy Rebate HVAC,NJ Clean Energy HVAC,njcep heat pump rebate,Broad,"2.50",,,,Active,,,,,,,,,,
Keyword,ME - NJ Clean Energy Rebate HVAC,NJ Clean Energy HVAC,new jersey clean energy program hvac,Broad,"2.50",,,,Active,,,,,,,,,,
Responsive Search Ad,ME - NJ Clean Energy Rebate HVAC,NJ Clean Energy HVAC,,,,,,,,NJ Clean Energy HVAC Rebates,Up to $20K Combined Available,Free Assessment Today NJ,NJ Clean Energy Program offers major HVAC rebates. We identify every rebate you qualify for free.,Free assessment. We handle all applications. WMBE certified NJ contractor. Call (862) 423-9396.,https://mechanicalenterprise.com/rebate-calculator,,,,
Campaign,ME - NJ Heat Pump Incentives,,,,,"5.00",Active,,,,,,,,,Search Network Only,Google search,en,New Jersey
Ad Group,ME - NJ Heat Pump Incentives,NJ Heat Pump Incentives,,,,,,Active,Active,,,,,,,,,,
Keyword,ME - NJ Heat Pump Incentives,NJ Heat Pump Incentives,nj heat pump incentives 2026,Broad,"2.50",,,,Active,,,,,,,,,,
Keyword,ME - NJ Heat Pump Incentives,NJ Heat Pump Incentives,new jersey heat pump rebate 2026,Broad,"2.50",,,,Active,,,,,,,,,,
Keyword,ME - NJ Heat Pump Incentives,NJ Heat Pump Incentives,heat pump tax credit nj,Broad,"2.50",,,,Active,,,,,,,,,,
Responsive Search Ad,ME - NJ Heat Pump Incentives,NJ Heat Pump Incentives,,,,,,,,NJ Heat Pump Incentives 2026,PSE&G Plus Federal Tax Credit,Up to $20K Total Available,NJ homeowners get PSE&G rebates plus federal tax credits for heat pumps in 2026. Up to $20K total.,Free assessment. We handle all paperwork. Licensed NJ contractor. Call (862) 423-9396.,https://mechanicalenterprise.com/rebate-calculator,,,,
Campaign,ME - HVAC Rebate Application NJ,,,,,"5.00",Active,,,,,,,,,Search Network Only,Google search,en,New Jersey
Ad Group,ME - HVAC Rebate Application NJ,HVAC Rebate Application,,,,,,Active,Active,,,,,,,,,,
Keyword,ME - HVAC Rebate Application NJ,HVAC Rebate Application,hvac rebate application nj,Broad,"2.50",,,,Active,,,,,,,,,,
Keyword,ME - HVAC Rebate Application NJ,HVAC Rebate Application,how to apply hvac rebate nj,Broad,"2.50",,,,Active,,,,,,,,,,
Keyword,ME - HVAC Rebate Application NJ,HVAC Rebate Application,hvac rebate help nj,Broad,"2.50",,,,Active,,,,,,,,,,
Responsive Search Ad,ME - HVAC Rebate Application NJ,HVAC Rebate Application,,,,,,,,We File Your HVAC Rebate,Up to $20K NJ Available,Free Assessment No Forms,We handle your entire NJ HVAC rebate application at no cost. You fill out zero forms. Free assessment.,Licensed NJ contractor. WMBE certified. Up to $20K combined. Call (862) 423-9396.,https://mechanicalenterprise.com/pseg-rebate-contractor-nj,,,,
Campaign,ME - HVAC Tax Credit 2026 NJ,,,,,"5.00",Active,,,,,,,,,Search Network Only,Google search,en,New Jersey
Ad Group,ME - HVAC Tax Credit 2026 NJ,HVAC Tax Credit 2026,,,,,,Active,Active,,,,,,,,,,
Keyword,ME - HVAC Tax Credit 2026 NJ,HVAC Tax Credit 2026,hvac federal tax credit 2026,Broad,"2.50",,,,Active,,,,,,,,,,
Keyword,ME - HVAC Tax Credit 2026 NJ,HVAC Tax Credit 2026,energy efficient hvac tax credit nj,Broad,"2.50",,,,Active,,,,,,,,,,
Keyword,ME - HVAC Tax Credit 2026 NJ,HVAC Tax Credit 2026,25c tax credit hvac nj,Broad,"2.50",,,,Active,,,,,,,,,,
Responsive Search Ad,ME - HVAC Tax Credit 2026 NJ,HVAC Tax Credit 2026,,,,,,,,HVAC Tax Credit 2026 NJ,Up to $2K Federal Tax Credit,Plus PSE&G Rebates Up to $18K,Combine federal 25C tax credit with PSE&G rebates for up to $20K total on HVAC replacement in NJ.,Free assessment. We handle all paperwork. Licensed NJ contractor. Call (862) 423-9396.,https://mechanicalenterprise.com/rebate-calculator,,,,
Campaign,ME - HVAC Replacement Essex County,,,,,"5.00",Active,,,,,,,,,Search Network Only,Google search,en,New Jersey
Ad Group,ME - HVAC Replacement Essex County,HVAC Essex County,,,,,,Active,Active,,,,,,,,,,
Keyword,ME - HVAC Replacement Essex County,HVAC Essex County,hvac replacement essex county nj,Broad,"2.50",,,,Active,,,,,,,,,,
Keyword,ME - HVAC Replacement Essex County,HVAC Essex County,ac replacement newark nj,Broad,"2.50",,,,Active,,,,,,,,,,
Keyword,ME - HVAC Replacement Essex County,HVAC Essex County,hvac contractor montclair nj,Broad,"2.50",,,,Active,,,,,,,,,,
Responsive Search Ad,ME - HVAC Replacement Essex County,HVAC Essex County,,,,,,,,HVAC Replacement Essex County,Up to $20K in NJ Rebates,Same-Day Assessment Available,Essex County HVAC replacement with up to $20K in PSE&G rebates. Serving Newark Montclair West Orange.,Free assessment. Licensed NJ contractor. WMBE certified. Call (862) 423-9396.,https://mechanicalenterprise.com/rebate-calculator,,,,
Campaign,ME - HVAC Replacement Hudson County,,,,,"5.00",Active,,,,,,,,,Search Network Only,Google search,en,New Jersey
Ad Group,ME - HVAC Replacement Hudson County,HVAC Hudson County,,,,,,Active,Active,,,,,,,,,,
Keyword,ME - HVAC Replacement Hudson County,HVAC Hudson County,hvac replacement hudson county nj,Broad,"2.50",,,,Active,,,,,,,,,,
Keyword,ME - HVAC Replacement Hudson County,HVAC Hudson County,ac replacement jersey city,Broad,"2.50",,,,Active,,,,,,,,,,
Keyword,ME - HVAC Replacement Hudson County,HVAC Hudson County,hvac contractor hoboken nj,Broad,"2.50",,,,Active,,,,,,,,,,
Responsive Search Ad,ME - HVAC Replacement Hudson County,HVAC Hudson County,,,,,,,,HVAC Replacement Hudson County,PSE&G Rebates Up to $20K,Free Assessment Jersey City,Hudson County HVAC replacement with up to $20K in rebates. Serving Jersey City Hoboken Bayonne.,Free assessment. Licensed NJ contractor. WMBE certified. Call (862) 423-9396.,https://mechanicalenterprise.com/rebate-calculator,,,,
Campaign,ME - HVAC Replacement Bergen County,,,,,"5.00",Active,,,,,,,,,Search Network Only,Google search,en,New Jersey
Ad Group,ME - HVAC Replacement Bergen County,HVAC Bergen County,,,,,,Active,Active,,,,,,,,,,
Keyword,ME - HVAC Replacement Bergen County,HVAC Bergen County,hvac replacement bergen county nj,Broad,"2.50",,,,Active,,,,,,,,,,
Keyword,ME - HVAC Replacement Bergen County,HVAC Bergen County,ac replacement hackensack nj,Broad,"2.50",,,,Active,,,,,,,,,,
Keyword,ME - HVAC Replacement Bergen County,HVAC Bergen County,hvac contractor paramus nj,Broad,"2.50",,,,Active,,,,,,,,,,
Responsive Search Ad,ME - HVAC Replacement Bergen County,HVAC Bergen County,,,,,,,,HVAC Replacement Bergen County,Up to $20K NJ Rebates,Free Assessment Today,Bergen County HVAC replacement with up to $20K in PSE&G rebates. Serving Hackensack Paramus Teaneck.,Free assessment. Licensed NJ contractor. WMBE certified. Call (862) 423-9396.,https://mechanicalenterprise.com/rebate-calculator,,,,
Campaign,ME - HVAC Replacement Passaic County,,,,,"5.00",Active,,,,,,,,,Search Network Only,Google search,en,New Jersey
Ad Group,ME - HVAC Replacement Passaic County,HVAC Passaic County,,,,,,Active,Active,,,,,,,,,,
Keyword,ME - HVAC Replacement Passaic County,HVAC Passaic County,hvac replacement passaic county nj,Broad,"2.50",,,,Active,,,,,,,,,,
Keyword,ME - HVAC Replacement Passaic County,HVAC Passaic County,ac replacement paterson nj,Broad,"2.50",,,,Active,,,,,,,,,,
Keyword,ME - HVAC Replacement Passaic County,HVAC Passaic County,hvac contractor clifton nj,Broad,"2.50",,,,Active,,,,,,,,,,
Responsive Search Ad,ME - HVAC Replacement Passaic County,HVAC Passaic County,,,,,,,,HVAC Replacement Passaic County,PSE&G Rebates Up to $20K,Free Assessment Paterson Area,Passaic County HVAC replacement with up to $20K in rebates. Serving Paterson Clifton Wayne Passaic.,Free assessment. Licensed NJ contractor. WMBE certified. Call (862) 423-9396.,https://mechanicalenterprise.com/rebate-calculator,,,,
Campaign,ME - HVAC Replacement Union County,,,,,"5.00",Active,,,,,,,,,Search Network Only,Google search,en,New Jersey
Ad Group,ME - HVAC Replacement Union County,HVAC Union County,,,,,,Active,Active,,,,,,,,,,
Keyword,ME - HVAC Replacement Union County,HVAC Union County,hvac replacement union county nj,Broad,"2.50",,,,Active,,,,,,,,,,
Keyword,ME - HVAC Replacement Union County,HVAC Union County,ac replacement elizabeth nj,Broad,"2.50",,,,Active,,,,,,,,,,
Keyword,ME - HVAC Replacement Union County,HVAC Union County,hvac contractor union nj,Broad,"2.50",,,,Active,,,,,,,,,,
Responsive Search Ad,ME - HVAC Replacement Union County,HVAC Union County,,,,,,,,HVAC Replacement Union County,Up to $20K in NJ Rebates,Free Assessment Elizabeth Area,Union County HVAC replacement with up to $20K in PSE&G rebates. Serving Elizabeth Union Linden.,Free assessment. Licensed NJ contractor. WMBE certified. Call (862) 423-9396.,https://mechanicalenterprise.com/rebate-calculator,,,,
Campaign,ME - HVAC Replacement Middlesex County,,,,,"5.00",Active,,,,,,,,,Search Network Only,Google search,en,New Jersey
Ad Group,ME - HVAC Replacement Middlesex County,HVAC Middlesex County,,,,,,Active,Active,,,,,,,,,,
Keyword,ME - HVAC Replacement Middlesex County,HVAC Middlesex County,hvac replacement middlesex county nj,Broad,"2.50",,,,Active,,,,,,,,,,
Keyword,ME - HVAC Replacement Middlesex County,HVAC Middlesex County,ac replacement new brunswick nj,Broad,"2.50",,,,Active,,,,,,,,,,
Keyword,ME - HVAC Replacement Middlesex County,HVAC Middlesex County,hvac contractor edison nj,Broad,"2.50",,,,Active,,,,,,,,,,
Responsive Search Ad,ME - HVAC Replacement Middlesex County,HVAC Middlesex County,,,,,,,,HVAC Replacement Middlesex,PSE&G Rebates Up to $20K,Free Assessment Edison Area,Middlesex County HVAC replacement with up to $20K in rebates. Serving New Brunswick Edison Woodbridge.,Free assessment. Licensed NJ contractor. WMBE certified. Call (862) 423-9396.,https://mechanicalenterprise.com/rebate-calculator,,,,
Campaign,ME - Commercial R22 Replacement NJ,,,,,"6.00",Active,,,,,,,,,Search Network Only,Google search,en,New Jersey
Ad Group,ME - Commercial R22 Replacement NJ,Commercial R22 Replacement,,,,,,Active,Active,,,,,,,,,,
Keyword,ME - Commercial R22 Replacement NJ,Commercial R22 Replacement,commercial r22 replacement nj,Broad,"2.50",,,,Active,,,,,,,,,,
Keyword,ME - Commercial R22 Replacement NJ,Commercial R22 Replacement,commercial ac r22 phase out,Broad,"2.50",,,,Active,,,,,,,,,,
Keyword,ME - Commercial R22 Replacement NJ,Commercial R22 Replacement,r22 commercial refrigerant replacement,Broad,"2.50",,,,Active,,,,,,,,,,
Responsive Search Ad,ME - Commercial R22 Replacement NJ,Commercial R22 Replacement,,,,,,,,Commercial R22 Replacement NJ,80% Covered by PSE&G,Free Commercial Assessment,Commercial R22 systems must be replaced. PSE&G Direct Install covers up to 80% of replacement cost.,Free commercial assessment. We handle all paperwork. Licensed NJ contractor. Call (862) 423-9396.,https://mechanicalenterprise.com/commercial,,,,
Campaign,ME - Commercial HVAC Rebate NJ,,,,,"6.00",Active,,,,,,,,,Search Network Only,Google search,en,New Jersey
Ad Group,ME - Commercial HVAC Rebate NJ,Commercial HVAC Rebate,,,,,,Active,Active,,,,,,,,,,
Keyword,ME - Commercial HVAC Rebate NJ,Commercial HVAC Rebate,commercial hvac rebate nj 2026,Broad,"2.50",,,,Active,,,,,,,,,,
Keyword,ME - Commercial HVAC Rebate NJ,Commercial HVAC Rebate,commercial ac rebate new jersey,Broad,"2.50",,,,Active,,,,,,,,,,
Keyword,ME - Commercial HVAC Rebate NJ,Commercial HVAC Rebate,pseg commercial hvac incentive,Broad,"2.50",,,,Active,,,,,,,,,,
Responsive Search Ad,ME - Commercial HVAC Rebate NJ,Commercial HVAC Rebate,,,,,,,,Commercial HVAC Rebate NJ,Up to 80% PSE&G Coverage,Free Commercial Assessment,NJ commercial HVAC rebates cover up to 80% of replacement costs through PSE&G Direct Install Program.,Free assessment. We handle all paperwork. WMBE certified NJ contractor. Call (862) 423-9396.,https://mechanicalenterprise.com/commercial,,,,
Campaign,ME - Office Building HVAC NJ,,,,,"5.00",Active,,,,,,,,,Search Network Only,Google search,en,New Jersey
Ad Group,ME - Office Building HVAC NJ,Office HVAC,,,,,,Active,Active,,,,,,,,,,
Keyword,ME - Office Building HVAC NJ,Office HVAC,office building hvac replacement nj,Broad,"2.50",,,,Active,,,,,,,,,,
Keyword,ME - Office Building HVAC NJ,Office HVAC,commercial office ac replacement nj,Broad,"2.50",,,,Active,,,,,,,,,,
Keyword,ME - Office Building HVAC NJ,Office HVAC,office hvac upgrade nj,Broad,"2.50",,,,Active,,,,,,,,,,
Responsive Search Ad,ME - Office Building HVAC NJ,Office HVAC,,,,,,,,Office HVAC Replacement NJ,PSE&G Covers Up to 80%,Free Building Assessment,Office building HVAC replacement with up to 80% covered by PSE&G. Lighting 100% free included.,Free assessment. We handle all paperwork. Licensed NJ contractor. Call (862) 423-9396.,https://mechanicalenterprise.com/commercial,,,,
Campaign,ME - Restaurant HVAC NJ,,,,,"5.00",Active,,,,,,,,,Search Network Only,Google search,en,New Jersey
Ad Group,ME - Restaurant HVAC NJ,Restaurant HVAC,,,,,,Active,Active,,,,,,,,,,
Keyword,ME - Restaurant HVAC NJ,Restaurant HVAC,restaurant hvac replacement nj,Broad,"2.50",,,,Active,,,,,,,,,,
Keyword,ME - Restaurant HVAC NJ,Restaurant HVAC,commercial kitchen ac nj,Broad,"2.50",,,,Active,,,,,,,,,,
Keyword,ME - Restaurant HVAC NJ,Restaurant HVAC,restaurant ac unit replacement nj,Broad,"2.50",,,,Active,,,,,,,,,,
Responsive Search Ad,ME - Restaurant HVAC NJ,Restaurant HVAC,,,,,,,,Restaurant HVAC Replacement NJ,Up to 80% Covered by PSE&G,Free Assessment for Restaurants,Restaurant HVAC replacement with up to 80% covered by PSE&G Direct Install. Lighting 100% free.,Free assessment. Fast installation. Licensed NJ contractor. Call (862) 423-9396.,https://mechanicalenterprise.com/commercial,,,,
Campaign,ME - Church Nonprofit HVAC NJ,,,,,"5.00",Active,,,,,,,,,Search Network Only,Google search,en,New Jersey
Ad Group,ME - Church Nonprofit HVAC NJ,Church Nonprofit HVAC,,,,,,Active,Active,,,,,,,,,,
Keyword,ME - Church Nonprofit HVAC NJ,Church Nonprofit HVAC,church hvac replacement nj,Broad,"2.50",,,,Active,,,,,,,,,,
Keyword,ME - Church Nonprofit HVAC NJ,Church Nonprofit HVAC,nonprofit hvac rebate nj,Broad,"2.50",,,,Active,,,,,,,,,,
Keyword,ME - Church Nonprofit HVAC NJ,Church Nonprofit HVAC,church ac replacement rebate nj,Broad,"2.50",,,,Active,,,,,,,,,,
Responsive Search Ad,ME - Church Nonprofit HVAC NJ,Church Nonprofit HVAC,,,,,,,,Church HVAC Rebates NJ,Up to 80% Covered Free,Nonprofits Qualify Too,Churches and nonprofits qualify for PSE&G HVAC rebates covering up to 80% of replacement costs.,Free assessment. We handle all paperwork. WMBE certified NJ contractor. Call (862) 423-9396.,https://mechanicalenterprise.com/commercial,,,,
Campaign,ME - Warehouse HVAC NJ,,,,,"5.00",Active,,,,,,,,,Search Network Only,Google search,en,New Jersey
Ad Group,ME - Warehouse HVAC NJ,Warehouse HVAC,,,,,,Active,Active,,,,,,,,,,
Keyword,ME - Warehouse HVAC NJ,Warehouse HVAC,warehouse hvac replacement nj,Broad,"2.50",,,,Active,,,,,,,,,,
Keyword,ME - Warehouse HVAC NJ,Warehouse HVAC,industrial hvac nj,Broad,"2.50",,,,Active,,,,,,,,,,
Keyword,ME - Warehouse HVAC NJ,Warehouse HVAC,large commercial ac replacement nj,Broad,"2.50",,,,Active,,,,,,,,,,
Responsive Search Ad,ME - Warehouse HVAC NJ,Warehouse HVAC,,,,,,,,Warehouse HVAC Replacement NJ,PSE&G Covers Up to 80%,Free Commercial Assessment,Warehouse and industrial HVAC replacement with up to 80% covered by PSE&G Direct Install Program.,Free assessment. We serve large commercial properties. Licensed NJ contractor. Call (862) 423-9396.,https://mechanicalenterprise.com/commercial,,,,
